T,X,V
0.0133333,0.999111,-0.133294
0.0266667,0.996447,-0.266351
0.04,0.992011,-0.398934
0.0533333,0.985811,-0.530809
0.0666667,0.97786,-0.661739
0.08,0.96817,-0.791494
0.0933333,0.95676,-0.919842
0.106667,0.943648,-1.04655
0.12,0.92886,-1.17141
0.133333,0.91242,-1.29418
0.146667,0.894359,-1.41465
0.16,0.874707,-1.5326
0.173333,0.853501,-1.64783
0.186667,0.830778,-1.76013
0.2,0.806578,-1.86931
0.213333,0.780945,-1.97516
0.226667,0.753923,-2.0775
0.24,0.725561,-2.17615
0.253333,0.69591,-2.27092
0.266667,0.665021,-2.36167
0.28,0.632951,-2.44821
0.293333,0.599755,-2.5304
0.306667,0.565493,-2.6081
0.32,0.530226,-2.68116
0.333333,0.494017,-2.74945
0.346667,0.456929,-2.81286
0.36,0.41903,-2.87126
0.373333,0.380385,-2.92456
0.386667,0.341064,-2.97267
0.4,0.301137,-3.01549
0.413333,0.260675,-3.05295
0.426667,0.21975,-3.08498
0.44,0.178434,-3.11153
0.453333,0.1368,-3.13255
0.466667,0.0949237,-3.148
0.48,0.0528784,-3.15785
0.493333,0.0107392,-3.1621
0.506667,-0.0314191,-3.16072
0.52,-0.0735216,-3.15372
0.533333,-0.115493,-3.14112
0.546667,-0.15726,-3.12293
0.56,-0.198747,-3.09919
0.573333,-0.239881,-3.06995
0.586667,-0.280588,-3.03524
0.6,-0.320796,-2.99515
0.613333,-0.360435,-2.94972
0.626667,-0.399432,-2.89906
0.64,-0.43772,-2.84324
0.653333,-0.47523,-2.78237
0.666667,-0.511895,-2.71655
0.68,-0.54765,-2.6459
0.693333,-0.582431,-2.57055
0.706667,-0.616177,-2.49063
0.72,-0.648828,-2.40629
0.733333,-0.680326,-2.31766
0.746667,-0.710614,-2.22492
0.76,-0.73964,-2.12822
0.773333,-0.76735,-2.02774
0.786667,-0.793697,-1.92366
0.8,-0.818632,-1.81615
0.813333,-0.842113,-1.70542
0.826667,-0.864097,-1.59166
0.84,-0.884545,-1.47506
0.853333,-0.90342,-1.35585
0.866667,-0.92069,-1.23422
0.88,-0.936323,-1.1104
0.893333,-0.950292,-0.984609
0.906667,-0.962571,-0.857066
0.92,-0.97314,-0.728
0.933333,-0.981979,-0.597639
0.946667,-0.989072,-0.466216
0.96,-0.994408,-0.333965
0.973333,-0.997975,-0.201119
0.986667,-0.999769,-0.0679166
1,-0.999786,0.0654068
1.01333,-0.998026,0.198614
1.02667,-0.994491,0.331468
1.04,-0.989189,0.463733
1.05333,-0.982129,0.595174
1.06667,-0.973323,0.725556
1.08,-0.962786,0.85465
1.09333,-0.950539,0.982223
1.10667,-0.936601,1.10805
1.12,-0.920999,1.23191
1.13333,-0.90376,1.35358
1.14667,-0.884915,1.47284
1.16,-0.864496,1.58949
1.17333,-0.842541,1.70331
1.18667,-0.819088,1.8141
1.2,-0.794179,1.92166
1.21333,-0.767859,2.02582
1.22667,-0.740174,2.12637
1.24,-0.711173,2.22314
1.25333,-0.680908,2.31596
1.26667,-0.649432,2.40466
1.28,-0.616802,2.48909
1.29333,-0.583076,2.56909
1.30667,-0.548314,2.64453
1.32,-0.512576,2.71526
1.33333,-0.475928,2.78117
1.34667,-0.438434,2.84214
1.36,-0.40016,2.89805
1.37333,-0.361175,2.94882
1.38667,-0.321548,2.99434
1.4,-0.28135,3.03454
1.41333,-0.240651,3.06934
1.42667,-0.199525,3.09869
1.44,-0.158044,3.12253
1.45333,-0.116282,3.14083
1.46667,-0.0743133,3.15353
1.48,-0.0322126,3.16064
1.49333,0.00994537,3.16212
1.50667,0.0520857,3.15799
1.52,0.0941334,3.14824
1.53333,0.136014,3.13289
1.54667,0.177652,3.11198
1.56,0.218975,3.08553
1.57333,0.259909,3.0536
1.58667,0.30038,3.01624
1.6,0.340318,2.97352
1.61333,0.379651,2.92552
1.62667,0.418309,2.87231
1.64,0.456223,2.814
1.65333,0.493327,2.75069
1.66667,0.529553,2.68249
1.68,0.564838,2.60952
1.69333,0.59912,2.53191
1.70667,0.632336,2.4498
1.72,0.664428,2.36333
1.73333,0.695339,2.27267
1.74667,0.725015,2.17797
1.76,0.753401,2.07939
1.77333,0.780449,1.97712
1.78667,0.806109,1.87133
1.8,0.830336,1.76222
1.81333,0.853087,1.64997
1.82667,0.874322,1.5348
1.84,0.894003,1.41689
1.85333,0.912095,1.29647
1.86667,0.928566,1.17374
1.88,0.943385,1.04892
1.89333,0.956528,0.922243
1.90667,0.967971,0.793924
1.92,0.977694,0.664194
1.93333,0.985678,0.533283
1.94667,0.99191,0.401424
1.96,0.996379,0.268852
1.97333,0.999077,0.135802
1.98667,1,0.00251039
2,0.999144,-0.130786
2.01333,0.996513,-0.263849
2.02667,0.99211,-0.396444
2.04,0.985944,-0.528334
2.05333,0.978026,-0.659284
2.06667,0.968369,-0.789063
2.08,0.95699,-0.917439
2.09333,0.943911,-1.04418
2.10667,0.929154,-1.16907
2.12,0.912745,-1.29189
2.13333,0.894714,-1.4124
2.14667,0.875092,-1.53041
2.16,0.853915,-1.64569
2.17333,0.83122,-1.75805
2.18667,0.807047,-1.86728
2.2,0.78144,-1.9732
2.21333,0.754444,-2.0756
2.22667,0.726107,-2.17432
2.24,0.69648,-2.26918
2.25333,0.665614,-2.36
2.26667,0.633565,-2.44662
2.28,0.60039,-2.5289
2.29333,0.566148,-2.60668
2.30667,0.530899,-2.67982
2.32,0.494707,-2.74821
2.33333,0.457635,-2.81171
2.34667,0.41975,-2.87021
2.36,0.381119,-2.92361
2.37333,0.341811,-2.97181
2.38667,0.301894,-3.01473
2.4,0.261442,-3.05229
2.41333,0.220524,-3.08443
2.42667,0.179215,-3.11108
2.44,0.137587,-3.1322
2.45333,0.0957139,-3.14776
2.46667,0.0536711,-3.15772
2.48,0.011533,-3.16207
2.49333,-0.0306257,-3.16079
2.50667,-0.0727299,-3.1539
2.52,-0.114705,-3.14141
2.53333,-0.156476,-3.12332
2.54667,-0.197969,-3.09969
2.56,-0.23911,-3.07055
2.57333,-0.279826,-3.03595
2.58667,-0.320044,-2.99595
2.6,-0.359694,-2.95063
2.61333,-0.398704,-2.90006
2.62667,-0.437006,-2.84434
2.64,-0.474531,-2.78356
2.65333,-0.511212,-2.71783
2.66667,-0.546985,-2.64728
2.68,-0.581786,-2.57201
2.69333,-0.615552,-2.49218
2.70667,-0.648224,-2.40792
2.72,-0.679744,-2.31937
2.73333,-0.710056,-2.2267
2.74667,-0.739105,-2.13008
2.76,-0.766841,-2.02967
2.77333,-0.793213,-1.92565
2.78667,-0.818176,-1.81821
2.8,-0.841685,-1.70753
2.81333,-0.863697,-1.59382
2.82667,-0.884174,-1.47728
2.84,-0.903079,-1.35811
2.85333,-0.92038,-1.23653
2.86667,-0.936044,-1.11275
2.88,-0.950044,-0.986995
2.89333,-0.962356,-0.859482
2.90667,-0.972957,-0.730442
2.92,-0.981829,-0.600104
2.93333,-0.988955,-0.468699
2.94667,-0.994324,-0.336461
2.96,-0.997925,-0.203625
2.97333,-0.999752,-0.0704264
2.98667,-0.999802,0.0628969
3,-0.998075,0.196108
3.01333,-0.994574,0.328971
3.02667,-0.989305,0.46125
3.04,-0.982278,0.592708
3.05333,-0.973504,0.723113
3.06667,-0.963001,0.852232
3.08,-0.950785,0.979837
3.09333,-0.936879,1.1057
3.10667,-0.921308,1.2296
3.12,-0.9041,1.35131
3.13333,-0.885284,1.47062
3.14667,-0.864895,1.58732
3.16,-0.842968,1.70119
3.17333,-0.819543,1.81204
3.18667,-0.794661,1.91967
3.2,-0.768367,2.02389
3.21333,-0.740707,2.12451
3.22667,-0.71173,2.22135
3.24,-0.681489,2.31425
3.25333,-0.650036,2.40303
3.26667,-0.617427,2.48754
3.28,-0.583721,2.56763
3.29333,-0.548977,2.64315
3.30667,-0.513258,2.71398
3.32,-0.476626,2.77998
3.33333,-0.439147,2.84104
3.34667,-0.400887,2.89705
3.36,-0.361915,2.94791
3.37333,-0.3223,2.99353
3.38667,-0.282111,3.03383
3.4,-0.241422,3.06874
3.41333,-0.200303,3.09819
3.42667,-0.158828,3.12214
3.44,-0.11707,3.14053
3.45333,-0.0751049,3.15335
3.46667,-0.033006,3.16055
3.48,0.00915155,3.16215
3.49333,0.0512929,3.15811
3.50667,0.093343,3.14847
3.52,0.135227,3.13323
3.53333,0.176871,3.11242
3.54667,0.218201,3.08608
3.56,0.259142,3.05425
3.57333,0.299623,3.017
3.58667,0.339571,2.97438
3.6,0.378916,2.92647
3.61333,0.417588,2.87336
3.62667,0.455517,2.81515
3.64,0.492636,2.75193
3.65333,0.52888,2.68382
3.66667,0.564183,2.61093
3.68,0.598484,2.53341
3.69333,0.631721,2.45139
3.70667,0.663835,2.365
3.72,0.694769,2.27442
3.73333,0.724468,2.17979
3.74667,0.752879,2.08128
3.76,0.779952,1.97908
3.77333,0.805639,1.87336
3.78667,0.829894,1.7643
3.8,0.852673,1.65212
3.81333,0.873937,1.53699
3.82667,0.893647,1.41914
3.84,0.911769,1.29876
3.85333,0.928271,1.17607
3.86667,0.943122,1.05129
3.88,0.956297,0.924644
3.89333,0.967772,0.796354
3.90667,0.977526,0.666648
3.92,0.985544,0.535757
3.93333,0.991809,0.403914
3.94667,0.996312,0.271353
3.96,0.999043,0.13831
3.97333,0.999999,0.00502077
3.98667,0.999177,-0.128277
4,0.996579,-0.261347
4.01333,0.99221,-0.393953
4.02667,0.986077,-0.525858
4.04,0.978191,-0.656829
4.05333,0.968566,-0.786632
4.06667,0.95722,-0.915037
4.08,0.944173,-1.04182
4.09333,0.929447,-1.16674
4.10667,0.913069,-1.28959
4.12,0.895068,-1.41015
4.13333,0.875476,-1.52821
4.14667,0.854328,-1.64355
4.16,0.831661,-1.75596
4.17333,0.807516,-1.86526
4.18667,0.781936,-1.97124
4.2,0.754965,-2.07371
4.21333,0.726653,-2.1725
4.22667,0.697049,-2.26743
4.24,0.666206,-2.35832
4.25333,0.634179,-2.44503
4.26667,0.601025,-2.52739
4.28,0.566802,-2.60526
4.29333,0.531572,-2.67849
4.30667,0.495397,-2.74697
4.32,0.458341,-2.81056
4.33333,0.420471,-2.86915
4.34667,0.381853,-2.92265
4.36,0.342557,-2.97095
4.37333,0.302651,-3.01397
4.38667,0.262208,-3.05163
4.4,0.221298,-3.08387
4.41333,0.179996,-3.11063
4.42667,0.138373,-3.13186
4.44,0.0965041,-3.14752
4.45333,0.0544638,-3.15758
4.46667,0.0123268,-3.16204
4.48,-0.0298322,-3.16087
4.49333,-0.0719381,-3.15408
4.50667,-0.113916,-3.14169
4.52,-0.155692,-3.12372
4.53333,-0.197191,-3.10019
4.54667,-0.238339,-3.07115
4.56,-0.279064,-3.03665
4.57333,-0.319292,-2.99675
4.58667,-0.358953,-2.95153
4.6,-0.397976,-2.90106
4.61333,-0.436292,-2.84543
4.62667,-0.473832,-2.78475
4.64,-0.51053,-2.71912
4.65333,-0.54632,-2.64865
4.66667,-0.58114,-2.57347
4.68,-0.614926,-2.49372
4.69333,-0.647619,-2.40954
4.70667,-0.679161,-2.32108
4.72,-0.709496,-2.22849
4.73333,-0.73857,-2.13193
4.74667,-0.766331,-2.03159
4.76,-0.79273,-1.92764
4.77333,-0.81772,-1.82026
4.78667,-0.841256,-1.70965
4.8,-0.863297,-1.59599
4.81333,-0.883803,-1.4795
4.82667,-0.902738,-1.36038
4.84,-0.920069,-1.23884
4.85333,-0.935764,-1.1151
4.86667,-0.949796,-0.989379
4.88,-0.96214,-0.861898
4.89333,-0.972773,-0.732885
4.90667,-0.981678,-0.602569
4.92,-0.988837,-0.471181
4.93333,-0.994239,-0.338957
4.94667,-0.997873,-0.20613
4.96,-0.999734,-0.0729362
4.97333,-0.999818,0.060387
4.98667,-0.998124,0.193603
5,-0.994656,0.326475
5.01333,-0.989421,0.458766
5.02667,-0.982426,0.590242
5.04,-0.973686,0.720669
5.05333,-0.963214,0.849814
5.06667,-0.951031,0.97745
5.08,-0.937157,1.10335
5.09333,-0.921617,1.22728
5.10667,-0.904439,1.34904
5.12,-0.885653,1.4684
5.13333,-0.865293,1.58514
5.14667,-0.843395,1.69907
5.16,-0.819998,1.80998
5.17333,-0.795143,1.91767
5.18667,-0.768875,2.02196
5.2,-0.74124,2.12265
5.21333,-0.712288,2.21956
5.22667,-0.682069,2.31253
5.24,-0.650639,2.40139
5.25333,-0.618051,2.48599
5.26667,-0.584365,2.56616
5.28,-0.549641,2.64177
5.29333,-0.513939,2.71269
5.30667,-0.477324,2.77878
5.32,-0.43986,2.83993
5.33333,-0.401615,2.89604
5.34667,-0.362655,2.947
5.36,-0.323051,2.99272
5.37333,-0.282873,3.03312
5.38667,-0.242192,3.06813
5.4,-0.20108,3.09769
5.41333,-0.159611,3.12174
5.42667,-0.117859,3.14024
5.44,-0.0758965,3.15316
5.45333,-0.0337994,3.16047
5.46667,0.00835773,3.16217
5.48,0.0505,3.15824
5.49333,0.0925526,3.1487
5.50667,0.134441,3.13357
5.52,0.17609,3.11286
5.53333,0.217426,3.08663
5.54667,0.258375,3.0549
5.56,0.298866,3.01775
5.57333,0.338825,2.97523
5.58667,0.378182,2.92742
5.6,0.416866,2.87441
5.61333,0.45481,2.81629
5.62667,0.491945,2.75316
5.64,0.528206,2.68514
5.65333,0.563527,2.61235
5.66667,0.597848,2.53491
5.68,0.631105,2.45297
5.69333,0.663241,2.36667
5.70667,0.694198,2.27616
5.72,0.72392,2.1816
5.73333,0.752356,2.08317
5.74667,0.779455,1.98103
5.76,0.805168,1.87538
5.77333,0.82945,1.76639
5.78667,0.852258,1.65426
5.8,0.873551,1.53918
5.81333,0.893291,1.42138
5.82667,0.911443,1.30104
5.84,0.927975,1.1784
5.85333,0.942858,1.05366
5.86667,0.956064,0.927044
5.88,0.967571,0.798783
5.89333,0.977359,0.669102
5.90667,0.985409,0.538231
5.92,0.991707,0.406404
5.93333,0.996243,0.273854
5.94667,0.999008,0.140818
5.96,0.999997,0.00753116
5.97333,0.999209,-0.125769
5.98667,0.996644,-0.258846
6,0.992308,-0.391462
6.01333,0.986208,-0.523383
6.02667,0.978356,-0.654373
6.04,0.968764,-0.7842
6.05333,0.95745,-0.912633
6.06667,0.944434,-1.03944
6.08,0.929739,-1.16441
6.09333,0.913392,-1.2873
6.10667,0.895422,-1.40791
6.12,0.875859,-1.52601
6.13333,0.85474,-1.6414
6.14667,0.832102,-1.75387
6.16,0.807984,-1.86323
6.17333,0.78243,-1.96927
6.18667,0.755486,-2.07181
6.2,0.727198,-2.17067
6.21333,0.697618,-2.26568
6.22667,0.666798,-2.35665
6.24,0.634793,-2.44344
6.25333,0.601659,-2.52588
6.26667,0.567456,-2.60383
6.28,0.532244,-2.67716
6.29333,0.496086,-2.74572
6.30667,0.459047,-2.80941
6.32,0.421191,-2.8681
6.33333,0.382587,-2.92169
6.34667,0.343302,-2.97009
6.36,0.303408,-3.01321
6.37333,0.262974,-3.05097
6.38667,0.222072,-3.08332
6.4,0.180776,-3.11018
6.41333,0.139159,-3.13151
6.42667,0.0972942,-3.14727
6.44,0.0552565,-3.15745
6.45333,0.0131206,-3.16201
6.46667,-0.0290387,-3.16094
6.48,-0.0711463,-3.15426
6.49333,-0.113127,-3.14198
6.50667,-0.154908,-3.12411
6.52,-0.196412,-3.10068
6.53333,-0.237568,-3.07174
6.54667,-0.278301,-3.03735
6.56,-0.31854,-2.99755
6.57333,-0.358212,-2.95243
6.58667,-0.397248,-2.90206
6.6,-0.435578,-2.84653
6.61333,-0.473133,-2.78594
6.62667,-0.509847,-2.7204
6.64,-0.545655,-2.65002
6.65333,-0.580493,-2.57493
6.66667,-0.6143,-2.49527
6.68,-0.647014,-2.41117
6.69333,-0.678579,-2.32278
6.70667,-0.708937,-2.23027
6.72,-0.738035,-2.13379
6.73333,-0.765821,-2.03352
6.74667,-0.792246,-1.92963
6.76,-0.817262,-1.82231
6.77333,-0.840826,-1.71176
6.78667,-0.862896,-1.59816
6.8,-0.883431,-1.48172
6.81333,-0.902396,-1.36265
6.82667,-0.919758,-1.24115
6.84,-0.935484,-1.11745
6.85333,-0.949548,-0.991763
6.86667,-0.961923,-0.864313
6.88,-0.972589,-0.735326
6.89333,-0.981526,-0.605033
6.90667,-0.988718,-0.473664
6.92,-0.994153,-0.341453
6.93333,-0.997821,-0.208635
6.94667,-0.999715,-0.0754459
6.96,-0.999832,0.0578771
6.97333,-0.998172,0.191097
6.98667,-0.994738,0.323978
7,-0.989536,0.456282
7.01333,-0.982574,0.587775
7.02667,-0.973866,0.718224
7.04,-0.963427,0.847396
7.05333,-0.951276,0.975062
7.06667,-0.937433,1.10099
7.08,-0.921925,1.22497
7.09333,-0.904777,1.34677
7.10667,-0.886021,1.46617
7.12,-0.865691,1.58297
7.13333,-0.843821,1.69695
7.14667,-0.820452,1.80792
7.16,-0.795624,1.91568
7.17333,-0.769382,2.02003
7.18667,-0.741773,2.12079
7.2,-0.712845,2.21777
7.21333,-0.68265,2.31082
7.22667,-0.651241,2.39976
7.24,-0.618675,2.48443
7.25333,-0.585009,2.56469
7.26667,-0.550304,2.64039
7.28,-0.51462,2.7114
7.29333,-0.478021,2.77758
7.30667,-0.440573,2.83883
7.32,-0.402341,2.89503
7.33333,-0.363395,2.94609
7.34667,-0.323802,2.99191
7.36,-0.283634,3.03241
7.37333,-0.242962,3.06752
7.38667,-0.201858,3.09718
7.4,-0.160395,3.12134
7.41333,-0.118647,3.13994
7.42667,-0.0766881,3.15297
7.44,-0.0345928,3.16038
7.45333,0.0075639,3.16219
7.46667,0.0497072,3.15837
7.48,0.0917621,3.14894
7.49333,0.133654,3.13391
7.50667,0.175308,3.11331
7.52,0.216651,3.08717
7.53333,0.257608,3.05555
7.54667,0.298108,3.0185
7.56,0.338078,2.97608
7.57333,0.377446,2.92837
7.58667,0.416144,2.87545
7.6,0.454103,2.81743
7.61333,0.491254,2.7544
7.62667,0.527531,2.68647
7.64,0.562871,2.61376
7.65333,0.597211,2.53641
7.66667,0.630489,2.45455
7.68,0.662646,2.36833
7.69333,0.693626,2.2779
7.70667,0.723372,2.18342
7.72,0.751833,2.08506
7.73333,0.778958,1.98299
7.74667,0.804697,1.8774
7.76,0.829007,1.76847
7.77333,0.851842,1.65639
7.78667,0.873164,1.54138
7.8,0.892934,1.42362
7.81333,0.911116,1.30333
7.82667,0.927679,1.18073
7.84,0.942593,1.05602
7.85333,0.955831,0.929444
7.86667,0.967371,0.801212
7.88,0.977191,0.671555
7.89333,0.985273,0.540705
7.90667,0.991605,0.408893
7.92,0.996174,0.276355
7.93333,0.998972,0.143326
7.94667,0.999995,0.0100415
7.96,0.99924,-0.123261
7.97333,0.996709,-0.256344
7.98667,0.992406,-0.388971
8,0.986339,-0.520907
8.01333,0.978519,-0.651917
8.02667,0.96896,-0.781768
8.04,0.957679,-0.91023
8.05333,0.944695,-1.03707
8.06667,0.930031,-1.16207
8.08,0.913715,-1.28501
8.09333,0.895775,-1.40566
8.10667,0.876242,-1.52381
8.12,0.855152,-1.63925
8.13333,0.832542,-1.75178
8.14667,0.808451,-1.8612
8.16,0.782924,-1.96731
8.17333,0.756005,-2.06992
8.18667,0.727743,-2.16885
8.2,0.698187,-2.26392
8.21333,0.667389,-2.35498
8.22667,0.635406,-2.44184
8.24,0.602293,-2.52437
8.25333,0.568109,-2.60241
8.26667,0.532916,-2.67582
8.28,0.496775,-2.74447
8.29333,0.459752,-2.80825
8.30667,0.421911,-2.86704
8.32,0.38332,-2.92073
8.33333,0.344048,-2.96923
8.34667,0.304164,-3.01245
8.36,0.26374,-3.05031
8.37333,0.222846,-3.08276
8.38667,0.181557,-3.10972
8.4,0.139945,-3.13116
8.41333,0.0980843,-3.14703
8.42667,0.0560491,-3.15731
8.44,0.0139144,-3.16197
8.45333,-0.0282451,-3.16102
8.46667,-0.0703544,-3.15444
8.48,-0.112339,-3.14226
8.49333,-0.154123,-3.12449
8.50667,-0.195634,-3.10117
8.52,-0.236797,-3.07234
8.53333,-0.277539,-3.03805
8.54667,-0.317787,-2.99835
8.56,-0.357471,-2.95333
8.57333,-0.396519,-2.90305
8.58667,-0.434863,-2.84762
8.6,-0.472433,-2.78713
8.61333,-0.509164,-2.72168
8.62667,-0.54499,-2.65139
8.64,-0.579847,-2.57639
8.65333,-0.613673,-2.49681
8.66667,-0.646409,-2.41279
8.68,-0.677995,-2.32448
8.69333,-0.708377,-2.23205
8.70667,-0.737499,-2.13564
8.72,-0.76531,-2.03544
8.73333,-0.791761,-1.93162
8.74667,-0.816805,-1.82436
8.76,-0.840396,-1.71387
8.77333,-0.862494,-1.60032
8.78667,-0.883059,-1.48394
8.8,-0.902054,-1.36491
8.81333,-0.919446,-1.24346
8.82667,-0.935203,-1.1198
8.84,-0.949298,-0.994147
8.85333,-0.961706,-0.866728
8.86667,-0.972404,-0.737768
8.88,-0.981374,-0.607497
8.89333,-0.988599,-0.476146
8.90667,-0.994067,-0.343948
8.92,-0.997768,-0.21114
8.93333,-0.999696,-0.0779555
8.94667,-0.999847,0.0553671
8.96,-0.99822,0.188591
8.97333,-0.994819,0.32148
8.98667,-0.98965,0.453798
9,-0.982721,0.585309
9.01333,-0.974046,0.715779
9.02667,-0.96364,0.844977
9.04,-0.95152,0.972674
9.05333,-0.937709,1.09864
9.06667,-0.922232,1.22266
9.08,-0.905115,1.3445
9.09333,-0.886389,1.46395
9.10667,-0.866088,1.5808
9.12,-0.844247,1.69484
9.13333,-0.820906,1.80586
9.14667,-0.796105,1.91368
9.16,-0.769889,2.01809
9.17333,-0.742305,2.11892
9.18667,-0.713401,2.21598
9.2,-0.68323,2.30911
9.21333,-0.651843,2.39812
9.22667,-0.619299,2.48288
9.24,-0.585653,2.56322
9.25333,-0.550966,2.63901
9.26667,-0.5153,2.7101
9.28,-0.478718,2.77638
9.29333,-0.441285,2.83772
9.30667,-0.403068,2.89402
9.32,-0.364134,2.94518
9.33333,-0.324553,2.9911
9.34667,-0.284395,3.0317
9.36,-0.243732,3.06691
9.37333,-0.202635,3.09667
9.38667,-0.161179,3.12093
9.4,-0.119435,3.13964
9.41333,-0.0774796,3.15277
9.42667,-0.0353862,3.1603
9.44,0.00677007,3.16221
9.45333,0.0489143,3.15849
9.46667,0.0909716,3.14917
9.48,0.132867,3.13424
9.49333,0.174527,3.11374
9.50667,0.215876,3.08771
9.52,0.256841,3.05619
9.53333,0.29735,3.01924
9.54667,0.33733,2.97692
9.56,0.376711,2.92931
9.57333,0.415422,2.8765
9.58667,0.453395,2.81857
9.6,0.490562,2.75563
9.61333,0.526857,2.68779
9.62667,0.562215,2.61518
9.64,0.596574,2.53791
9.65333,0.629873,2.45614
9.66667,0.662052,2.36999
9.68,0.693054,2.27964
9.69333,0.722824,2.18524
9.70667,0.75131,2.08695
9.72,0.778459,1.98495
9.73333,0.804226,1.87942
9.74667,0.828562,1.77055
9.76,0.851426,1.65853
9.77333,0.872777,1.54357
9.78667,0.892576,1.42586
9.8,0.910789,1.30562
9.81333,0.927382,1.18306
9.82667,0.942327,1.05839
9.84,0.955598,0.931843
9.85333,0.967169,0.80364
9.86667,0.977022,0.674008
9.88,0.985137,0.543178
9.89333,0.991502,0.411383
9.90667,0.996104,0.278856
9.92,0.998936,0.145834
9.93333,0.999992,0.0125519
9.94667,0.999271,-0.120752
9.96,0.996773,-0.253841
9.97333,0.992504,-0.386479
9.98667,0.98647,-0.518431
10,0.978683,-0.64946
10.0133,0.969156,-0.779335
10.0267,0.957907,-0.907825
10.04,0.944955,-1.0347
10.0533,0.930323,-1.15974
10.0667,0.914037,-1.28271
10.08,0.896127,-1.40341
10.0933,0.876624,-1.52161
10.1067,0.855563,-1.63711
10.12,0.832981,-1.74969
10.1333,0.808918,-1.85917
10.1467,0.783418,-1.96534
10.16,0.756525,-2.06802
10.1733,0.728287,-2.16702
10.1867,0.698755,-2.26217
10.2,0.66798,-2.3533
10.2133,0.636019,-2.44025
10.2267,0.602926,-2.52285
10.24,0.568762,-2.60098
10.2533,0.533588,-2.67448
10.2667,0.497464,-2.74323
10.28,0.460456,-2.8071
10.2933,0.42263,-2.86598
10.3067,0.384053,-2.91977
10.32,0.344793,-2.96836
10.3333,0.30492,-3.01168
10.3467,0.264505,-3.04965
10.36,0.22362,-3.0822
10.3733,0.182338,-3.10927
10.3867,0.140731,-3.13081
10.4,0.0988742,-3.14678
10.4133,0.0568417,-3.15716
10.4267,0.0147081,-3.16194
10.44,-0.0274516,-3.16109
10.4533,-0.0695625,-3.15462
10.4667,-0.11155,-3.14254
10.48,-0.153339,-3.12488
10.4933,-0.194855,-3.10166
10.5067,-0.236025,-3.07293
10.52,-0.276776,-3.03874
10.5333,-0.317034,-2.99915
10.5467,-0.356729,-2.95422
10.56,-0.39579,-2.90405
10.5733,-0.434148,-2.84871
10.5867,-0.471733,-2.78831
10.6,-0.508481,-2.72295
10.6133,-0.544324,-2.65276
10.6267,-0.5792,-2.57784
10.64,-0.613046,-2.49835
10.6533,-0.645803,-2.41441
10.6667,-0.677411,-2.32619
10.68,-0.707816,-2.23382
10.6933,-0.736962,-2.13749
10.7067,-0.764799,-2.03736
10.72,-0.791276,-1.9336
10.7333,-0.816346,-1.82641
10.7467,-0.839966,-1.71598
10.76,-0.862092,-1.60249
10.7733,-0.882686,-1.48615
10.7867,-0.901711,-1.36718
10.8,-0.919133,-1.24577
10.8133,-0.934922,-1.12215
10.8267,-0.949048,-0.99653
10.84,-0.961488,-0.869142
10.8533,-0.972219,-0.740209
10.8667,-0.981221,-0.60996
10.88,-0.988479,-0.478627
10.8933,-0.993981,-0.346444
10.9067,-0.997715,-0.213644
10.92,-0.999676,-0.0804651
10.9333,-0.99986,0.0528571
10.9467,-0.998267,0.186085
10.96,-0.994899,0.318983
10.9733,-0.989763,0.451313
10.9867,-0.982868,0.582841
11,-0.974226,0.713334
11.0133,-0.963851,0.842558
11.0267,-0.951764,0.970285
11.04,-0.937985,1.09629
11.0533,-0.922538,1.22034
11.0667,-0.905452,1.34222
11.08,-0.886756,1.46172
11.0933,-0.866484,1.57862
11.1067,-0.844672,1.69272
11.12,-0.821359,1.8038
11.1333,-0.796585,1.91168
11.1467,-0.770396,2.01616
11.16,-0.742837,2.11706
11.1733,-0.713957,2.21419
11.1867,-0.683809,2.30739
11.2,-0.652445,2.39649
11.2133,-0.619922,2.48132
11.2267,-0.586296,2.56175
11.24,-0.551629,2.63762
11.2533,-0.51598,2.70881
11.2667,-0.479415,2.77518
11.28,-0.441998,2.83661
11.2933,-0.403794,2.89301
11.3067,-0.364874,2.94426
11.32,-0.325304,2.99028
11.3333,-0.285156,3.03098
11.3467,-0.244502,3.0663
11.36,-0.203413,3.09616
11.3733,-0.161962,3.12053
11.3867,-0.120223,3.13934
11.4,-0.078271,3.15258
11.4133,-0.0361795,3.16021
11.4267,0.00597623,3.16222
11.44,0.0481214,3.15861
11.4533,0.090181,3.14939
11.4667,0.13208,3.13457
11.48,0.173745,3.11418
11.4933,0.215101,3.08825
11.5067,0.256074,3.05684
11.52,0.296592,3.01999
11.5333,0.336583,2.97777
11.5467,0.375976,2.93026
11.56,0.4147,2.87754
11.5733,0.452687,2.81971
11.5867,0.48987,2.75686
11.6,0.526182,2.68911
11.6133,0.561558,2.61659
11.6267,0.595937,2.53941
11.64,0.629256,2.45772
11.6533,0.661457,2.37166
11.6667,0.692481,2.28138
11.68,0.722275,2.18705
11.6933,0.750785,2.08883
11.7067,0.777961,1.9869
11.72,0.803754,1.88144
11.7333,0.828118,1.77263
11.7467,0.85101,1.66067
11.76,0.872389,1.54576
11.7733,0.892218,1.4281
11.7867,0.910461,1.30791
11.8,0.927085,1.18538
11.8133,0.942061,1.06076
11.8267,0.955363,0.934242
11.84,0.966967,0.806068
11.8533,0.976852,0.676461
11.8667,0.985001,0.545651
11.88,0.991398,0.413872
11.8933,0.996034,0.281356
11.9067,0.998899,0.148341
11.92,0.999989,0.0150623
11.9333,0.999301,-0.118243
11.9467,0.996836,-0.251339
11.96,0.9926,-0.383988
11.9733,0.9866,-0.515954
11.9867,0.978846,-0.647003
12,0.969351,-0.776902
12.0133,0.958134,-0.90542
12.0267,0.945214,-1.03233
12.04,0.930614,-1.1574
12.0533,0.914359,-1.28042
12.0667,0.896479,-1.40116
12.08,0.877006,-1.51941
12.0933,0.855974,-1.63496
12.1067,0.83342,-1.7476
12.12,0.809385,-1.85714
12.1333,0.783911,-1.96337
12.1467,0.757044,-2.06612
12.16,0.728831,-2.16519
12.1733,0.699322,-2.26042
12.1867,0.668571,-2.35162
12.2,0.636631,-2.43865
12.2133,0.60356,-2.52134
12.2267,0.569415,-2.59955
12.24,0.534259,-2.67314
12.2533,0.498153,-2.74198
12.2667,0.461161,-2.80594
12.28,0.42335,-2.86492
12.2933,0.384786,-2.9188
12.3067,0.345538,-2.9675
12.32,0.305676,-3.01092
12.3333,0.265271,-3.04899
12.3467,0.224394,-3.08163
12.36,0.183118,-3.10881
12.3733,0.141517,-3.13045
12.3867,0.0996642,-3.14653
12.4,0.0576343,-3.15702
12.4133,0.0155019,-3.1619
12.4267,-0.026658,-3.16115
12.44,-0.0687706,-3.15479
12.4533,-0.110761,-3.14282
12.4667,-0.152554,-3.12526
12.48,-0.194077,-3.10215
12.4933,-0.235254,-3.07352
12.5067,-0.276013,-3.03944
12.52,-0.316281,-2.99994
12.5333,-0.355988,-2.95512
12.5467,-0.395061,-2.90504
12.56,-0.433433,-2.8498
12.5733,-0.471033,-2.78949
12.5867,-0.507797,-2.72423
12.6,-0.543658,-2.65412
12.6133,-0.578553,-2.5793
12.6267,-0.612419,-2.49989
12.64,-0.645196,-2.41603
12.6533,-0.676827,-2.32788
12.6667,-0.707255,-2.2356
12.68,-0.736426,-2.13934
12.6933,-0.764287,-2.03928
12.7067,-0.79079,-1.93559
12.72,-0.815888,-1.82846
12.7333,-0.839535,-1.71808
12.7467,-0.86169,-1.60465
12.76,-0.882313,-1.48837
12.7733,-0.901368,-1.36944
12.7867,-0.91882,-1.24808
12.8,-0.93464,-1.12449
12.8133,-0.948798,-0.998912
12.8267,-0.96127,-0.871555
12.84,-0.972032,-0.742649
12.8533,-0.981068,-0.612423
12.8667,-0.988359,-0.481109
12.88,-0.993893,-0.348939
12.8933,-0.997661,-0.216149
12.9067,-0.999656,-0.0829747
12.92,-0.999873,0.050347
12.9333,-0.998313,0.183579
12.9467,-0.994979,0.316485
12.96,-0.989876,0.448828
12.9733,-0.983014,0.580374
12.9867,-0.974404,0.710888
13,-0.964063,0.840138
13.0133,-0.952007,0.967895
13.0267,-0.93826,1.09393
13.04,-0.922844,1.21802
13.0533,-0.905789,1.33995
13.0667,-0.887123,1.4595
13.08,-0.86688,1.57645
13.0933,-0.845097,1.6906
13.1067,-0.821811,1.80174
13.12,-0.797065,1.90968
13.1333,-0.770901,2.01423
13.1467,-0.743368,2.11519
13.16,-0.714513,2.2124
13.1733,-0.684388,2.30567
13.1867,-0.653047,2.39485
13.2,-0.620544,2.47977
13.2133,-0.586939,2.56028
13.2267,-0.552291,2.63624
13.24,-0.51666,2.70751
13.2533,-0.480112,2.77397
13.2667,-0.44271,2.8355
13.28,-0.404521,2.89199
13.2933,-0.365613,2.94334
13.3067,-0.326055,2.98946
13.32,-0.285917,3.03027
13.3333,-0.245272,3.06568
13.3467,-0.20419,3.09565
13.36,-0.162745,3.12012
13.3733,-0.121011,3.13904
13.3867,-0.0790624,3.15238
13.4,-0.0369729,3.16012
13.4133,0.00518239,3.16224
13.4267,0.0473284,3.15873
13.44,0.0893903,3.14962
13.4533,0.131293,3.1349
13.4667,0.172963,3.11462
13.48,0.214325,3.08879
13.4933,0.255306,3.05748
13.5067,0.295834,3.02073
13.52,0.335835,2.97861
13.5333,0.37524,2.9312
13.5467,0.413978,2.87858
13.56,0.451979,2.82084
13.5733,0.489178,2.75809
13.5867,0.525507,2.69043
13.6,0.560901,2.61799
13.6133,0.595299,2.5409
13.6267,0.628639,2.4593
13.64,0.660861,2.37332
13.6533,0.691908,2.28312
13.6667,0.721726,2.18886
13.68,0.750261,2.09071
13.6933,0.777462,1.98885
13.7067,0.803281,1.88345
13.72,0.827672,1.77471
13.7333,0.850593,1.66281
13.7467,0.872001,1.54795
13.76,0.891859,1.43034
13.7733,0.910132,1.31019
13.7867,0.926787,1.18771
13.8,0.941795,1.06312
13.8133,0.955128,0.93664
13.8267,0.966764,0.808495
13.84,0.976682,0.678913
13.8533,0.984863,0.548124
13.8667,0.991294,0.41636
13.88,0.995963,0.283857
13.8933,0.998862,0.150849
13.9067,0.999985,0.0175726
13.92,0.99933,-0.115735
13.9333,0.996899,-0.248836
13.9467,0.992696,-0.381496
13.96,0.986729,-0.513477
13.9733,0.979008,-0.644546
13.9867,0.969546,-0.774468
14,0.958361,-0.903015
14.0133,0.945473,-1.02996
14.0267,0.930904,-1.15507
14.04,0.91468,-1.27812
14.0533,0.896831,-1.39891
14.0667,0.877387,-1.51721
14.08,0.856384,-1.63281
14.0933,0.833858,-1.74551
14.1067,0.809851,-1.85511
14.12,0.784404,-1.9614
14.1333,0.757562,-2.06422
14.1467,0.729374,-2.16336
14.16,0.69989,-2.25866
14.1733,0.669161,-2.34994
14.1867,0.637243,-2.43705
14.2,0.604192,-2.51982
14.2133,0.570068,-2.59812
14.2267,0.53493,-2.6718
14.24,0.498841,-2.74073
14.2533,0.461865,-2.80478
14.2667,0.424069,-2.86385
14.28,0.385518,-2.91783
14.2933,0.346283,-2.96663
14.3067,0.306432,-3.01015
14.32,0.266036,-3.04832
14.3333,0.225167,-3.08107
14.3467,0.183899,-3.10835
14.36,0.142303,-3.1301
14.3733,0.100454,-3.14628
14.3867,0.0584268,-3.15688
14.4,0.0162956,-3.16186
14.4133,-0.0258644,-3.16122
14.4267,-0.0679786,-3.15496
14.44,-0.109972,-3.1431
14.4533,-0.15177,-3.12565
14.4667,-0.193298,-3.10264
14.48,-0.234482,-3.07411
14.4933,-0.27525,-3.04013
14.5067,-0.315528,-3.00074
14.52,-0.355246,-2.95601
14.5333,-0.394332,-2.90603
14.5467,-0.432717,-2.85089
14.56,-0.470333,-2.79068
14.5733,-0.507113,-2.7255
14.5867,-0.542991,-2.65549
14.6,-0.577905,-2.58075
14.6133,-0.611791,-2.50142
14.6267,-0.64459,-2.41765
14.64,-0.676243,-2.32958
14.6533,-0.706694,-2.23737
14.6667,-0.735888,-2.14119
14.68,-0.763775,-2.0412
14.6933,-0.790304,-1.93757
14.7067,-0.815428,-1.83051
14.72,-0.839103,-1.72019
14.7333,-0.861286,-1.60682
14.7467,-0.881939,-1.49058
14.76,-0.901024,-1.3717
14.7733,-0.918507,-1.25038
14.7867,-0.934357,-1.12684
14.8,-0.948547,-1.00129
14.8133,-0.96105,-0.873968
14.8267,-0.971846,-0.745089
14.84,-0.980914,-0.614886
14.8533,-0.988238,-0.48359
14.8667,-0.993805,-0.351434
14.88,-0.997607,-0.218653
14.8933,-0.999635,-0.0854842
14.9067,-0.999886,0.0478369
14.92,-0.998359,0.181073
14.9333,-0.995058,0.313987
14.9467,-0.989989,0.446343
14.96,-0.983159,0.577906
14.9733,-0.974582,0.708441
14.9867,-0.964273,0.837718
15,-0.95225,0.965505
15.0133,-0.938534,1.09158
15.0267,-0.92315,1.21571
15.04,-0.906125,1.33768
15.0533,-0.887489,1.45727
15.0667,-0.867276,1.57427
15.08,-0.845521,1.68847
15.0933,-0.822263,1.79968
15.1067,-0.797544,1.90768
15.12,-0.771407,2.01229
15.1333,-0.743899,2.11333
15.1467,-0.715068,2.2106
15.16,-0.684967,2.30395
15.1733,-0.653648,2.39321
15.1867,-0.621167,2.47821
15.2,-0.587582,2.5588
15.2133,-0.552952,2.63485
15.2267,-0.51734,2.70621
15.24,-0.480808,2.77277
15.2533,-0.443421,2.83439
15.2667,-0.405246,2.89098
15.28,-0.366351,2.94243
15.2933,-0.326805,2.98864
15.3067,-0.286678,3.02955
15.32,-0.246041,3.06507
15.3333,-0.204967,3.09514
15.3467,-0.163528,3.11971
15.36,-0.121799,3.13873
15.3733,-0.0798537,3.15218
15.3867,-0.0377662,3.16002
15.4,0.00438854,3.16225
15.4133,0.0465354,3.15885
15.4267,0.0885996,3.14984
15.44,0.130506,3.13523
15.4533,0.172181,3.11505
15.4667,0.21355,3.08933
15.48,0.254539,3.05812
15.4933,0.295075,3.02147
15.5067,0.335088,2.97946
15.52,0.374504,2.93214
15.5333,0.413255,2.87962
15.5467,0.451271,2.82197
15.56,0.488485,2.75932
15.5733,0.524831,2.69175
15.5867,0.560244,2.6194
15.6,0.594661,2.5424
15.6133,0.628021,2.46087
15.6267,0.660265,2.37497
15.64,0.691335,2.28485
15.6533,0.721176,2.19067
15.6667,0.749736,2.0926
15.68,0.776962,1.9908
15.6933,0.802808,1.88547
15.7067,0.827227,1.77678
15.72,0.850175,1.66494
15.7333,0.871612,1.55014
15.7467,0.8915,1.43258
15.76,0.909803,1.31247
15.7733,0.926489,1.19004
15.7867,0.941528,1.06548
15.8,0.954893,0.939038
15.8133,0.966561,0.810922
15.8267,0.976511,0.681364
15.84,0.984726,0.550596
15.8533,0.991189,0.418849
15.8667,0.995891,0.286357
15.88,0.998823,0.153356
15.8933,0.99998,0.020083
15.9067,0.999359,-0.113226
15.92,0.996961,-0.246334
15.9333,0.992792,-0.379004
15.9467,0.986858,-0.511
15.96,0.979169,-0.642088
15.9733,0.96974,-0.772034
15.9867,0.958588,-0.900608
16,0.945731,-1.02758
16.0133,0.931194,-1.15273
16.0267,0.915001,-1.27583
16.04,0.897182,-1.39666
16.0533,0.877768,-1.515
16.0667,0.856794,-1.63066
16.08,0.834296,-1.74341
16.0933,0.810316,-1.85307
16.1067,0.784896,-1.95943
16.12,0.75808,-2.06232
16.1333,0.729917,-2.16153
16.1467,0.700456,-2.2569
16.16,0.669751,-2.34826
16.1733,0.637855,-2.43545
16.1867,0.604825,-2.51831
16.2,0.57072,-2.59669
16.2133,0.5356,-2.67045
16.2267,0.499529,-2.73947
16.24,0.462569,-2.80362
16.2533,0.424788,-2.86279
16.2667,0.386251,-2.91687
16.28,0.347028,-2.96576
16.2933,0.307187,-3.00938
16.3067,0.266801,-3.04765
16.32,0.225941,-3.0805
16.3333,0.184679,-3.10788
16.3467,0.143088,-3.12974
16.36,0.101244,-3.14603
16.3733,0.0592193,-3.15673
16.3867,0.0170894,-3.16182
16.4,-0.0250708,-3.16128
16.4133,-0.0671865,-3.15513
16.4267,-0.109183,-3.14337
16.44,-0.150985,-3.12603
16.4533,-0.192519,-3.10312
16.4667,-0.23371,-3.0747
16.48,-0.274487,-3.04082
16.4933,-0.314775,-3.00153
16.5067,-0.354504,-2.9569
16.52,-0.393602,-2.90702
16.5333,-0.432001,-2.85197
16.5467,-0.469632,-2.79186
16.56,-0.506429,-2.72677
16.5733,-0.542325,-2.65685
16.5867,-0.577257,-2.5822
16.6,-0.611163,-2.50296
16.6133,-0.643983,-2.41927
16.6267,-0.675658,-2.33128
16.64,-0.706132,-2.23915
16.6533,-0.735351,-2.14303
16.6667,-0.763262,-2.04311
16.68,-0.789817,-1.93956
16.6933,-0.814968,-1.83256
16.7067,-0.838671,-1.7223
16.72,-0.860883,-1.60898
16.7333,-0.881564,-1.4928
16.7467,-0.900679,-1.37396
16.76,-0.918193,-1.25269
16.7733,-0.934074,-1.12918
16.7867,-0.948295,-1.00367
16.8,-0.960831,-0.87638
16.8133,-0.971658,-0.747528
16.8267,-0.980759,-0.617348
16.84,-0.988116,-0.48607
16.8533,-0.993717,-0.353928
16.8667,-0.997551,-0.221158
16.88,-0.999613,-0.0879936
16.8933,-0.999897,0.0453268
16.9067,-0.998404,0.178567
16.92,-0.995137,0.311489
16.9333,-0.9901,0.443858
16.9467,-0.983304,0.575438
16.96,-0.97476,0.705995
16.9733,-0.964483,0.835297
16.9867,-0.952492,0.963114
17,-0.938808,1.08922
17.0133,-0.923455,1.21339
17.0267,-0.90646,1.3354
17.04,-0.887855,1.45504
17.0533,-0.867671,1.57209
17.0667,-0.845945,1.68635
17.08,-0.822715,1.79761
17.0933,-0.798023,1.90568
17.1067,-0.771912,2.01035
17.12,-0.744429,2.11146
17.1333,-0.715623,2.20881
17.1467,-0.685545,2.30223
17.16,-0.654248,2.39157
17.1733,-0.621789,2.47665
17.1867,-0.588224,2.55733
17.2,-0.553613,2.63346
17.2133,-0.518019,2.70491
17.2267,-0.481504,2.77156
17.24,-0.444133,2.83328
17.2533,-0.405972,2.88996
17.2667,-0.36709,2.9415
17.28,-0.327555,2.98782
17.2933,-0.287438,3.02883
17.3067,-0.24681,3.06445
17.32,-0.205744,3.09462
17.3333,-0.164312,3.1193
17.3467,-0.122587,3.13843
17.36,-0.080645,3.15198
17.3733,-0.0385594,3.15993
17.3867,0.00359469,3.16226
17.4,0.0457424,3.15897
17.4133,0.0878089,3.15006
17.4267,0.129719,3.13556
17.44,0.171399,3.11548
17.4533,0.212774,3.08987
17.4667,0.253771,3.05876
17.48,0.294317,3.02221
17.4933,0.334339,2.9803
17.5067,0.373768,2.93308
17.52,0.412532,2.88066
17.5333,0.450563,2.82311
17.5467,0.487792,2.76054
17.56,0.524155,2.69307
17.5733,0.559586,2.62081
17.5867,0.594023,2.54389
17.6,0.627403,2.46245
17.6133,0.659668,2.37663
17.6267,0.690761,2.28659
17.64,0.720626,2.19248
17.6533,0.74921,2.09448
17.6667,0.776462,1.99275
17.68,0.802334,1.88748
17.6933,0.82678,1.77886
17.7067,0.849757,1.66707
17.72,0.871222,1.55233
17.7333,0.89114,1.43482
17.7467,0.909473,1.31476
17.76,0.92619,1.19236
17.7733,0.94126,1.06785
17.7867,0.954657,0.941434
17.8,0.966357,0.813348
17.8133,0.97634,0.683815
17.8267,0.984587,0.553068
17.84,0.991084,0.421337
17.8533,0.995819,0.288857
17.8667,0.998785,0.155864
17.88,0.999974,0.0225933
17.8933,0.999387,-0.110717
17.9067,0.997023,-0.243831
17.92,0.992887,-0.376511
17.9333,0.986986,-0.508522
17.9467,0.97933,-0.639629
17.96,0.969934,-0.7696
17.9733,0.958813,-0.898202
17.9867,0.945989,-1.02521
18,0.931483,-1.15039
18.0133,0.915321,-1.27353
18.0267,0.897532,-1.3944
18.04,0.878148,-1.5128
18.0533,0.857203,-1.62851
18.0667,0.834734,-1.74132
18.08,0.810781,-1.85104
18.0933,0.785387,-1.95746
18.1067,0.758598,-2.06041
18.12,0.730459,-2.1597
18.1333,0.701023,-2.25514
18.1467,0.67034,-2.34658
18.16,0.638466,-2.43385
18.1733,0.605457,-2.51679
18.1867,0.571371,-2.59525
18.2,0.53627,-2.66911
18.2133,0.500216,-2.73822
18.2267,0.463273,-2.80246
18.24,0.425506,-2.86172
18.2533,0.386983,-2.91589
18.2667,0.347772,-2.96489
18.28,0.307943,-3.00861
18.2933,0.267566,-3.04698
18.3067,0.226714,-3.07994
18.32,0.185459,-3.10742
18.3333,0.143874,-3.12938
18.3467,0.102034,-3.14577
18.36,0.0600117,-3.15658
18.3733,0.0178831,-3.16177
18.3867,-0.0242772,-3.16135
18.4,-0.0663944,-3.1553
18.4133,-0.108394,-3.14365
18.4267,-0.1502,-3.1264
18.44,-0.19174,-3.1036
18.4533,-0.232938,-3.07529
18.4667,-0.273723,-3.04151
18.48,-0.314021,-3.00232
18.4933,-0.353761,-2.95779
18.5067,-0.392872,-2.90801
18.52,-0.431285,-2.85306
18.5333,-0.468931,-2.79303
18.5467,-0.505744,-2.72805
18.56,-0.541658,-2.65821
18.5733,-0.576608,-2.58365
18.5867,-0.610534,-2.50449
18.6,-0.643375,-2.42089
18.6133,-0.675072,-2.33298
18.6267,-0.705569,-2.24092
18.64,-0.734812,-2.14488
18.6533,-0.762749,-2.04503
18.6667,-0.78933,-1.94154
18.68,-0.814508,-1.8346
18.6933,-0.838238,-1.7244
18.7067,-0.860479,-1.61114
18.72,-0.881189,-1.49501
18.7333,-0.900334,-1.37622
18.7467,-0.917878,-1.25499
18.76,-0.93379,-1.13153
18.7733,-0.948043,-1.00605
18.7867,-0.96061,-0.878792
18.8,-0.97147,-0.749967
18.8133,-0.980604,-0.61981
18.8267,-0.987994,-0.488551
18.84,-0.993628,-0.356423
18.8533,-0.997496,-0.223662
18.8667,-0.99959,-0.090503
18.88,-0.999908,0.0428167
18.8933,-0.998449,0.17606
18.9067,-0.995215,0.308991
18.92,-0.990212,0.441372
18.9333,-0.983448,0.572969
18.9467,-0.974937,0.703547
18.96,-0.964693,0.832875
18.9733,-0.952733,0.960722
18.9867,-0.939081,1.08686
19,-0.923759,1.21107
19.0133,-0.906795,1.33312
19.0267,-0.88822,1.45281
19.04,-0.868065,1.56991
19.0533,-0.846368,1.68423
19.0667,-0.823166,1.79554
19.08,-0.798501,1.90367
19.0933,-0.772416,2.00841
19.1067,-0.744959,2.10959
19.12,-0.716177,2.20701
19.1333,-0.686123,2.30051
19.1467,-0.654848,2.38992
19.16,-0.62241,2.47509
19.1733,-0.588866,2.55585
19.1867,-0.554274,2.63207
19.2,-0.518698,2.70361
19.2133,-0.482199,2.77035
19.2267,-0.444844,2.83216
19.24,-0.406697,2.88894
19.2533,-0.367828,2.94058
19.2667,-0.328305,2.987
19.28,-0.288199,3.0281
19.2933,-0.24758,3.06383
19.3067,-0.206521,3.09411
19.32,-0.165095,3.11888
19.3333,-0.123375,3.13812
19.3467,-0.0814363,3.15177
19.36,-0.0393527,3.15983
19.3733,0.00280084,3.16227
19.3867,0.0449494,3.15908
19.4,0.087018,3.15028
19.4133,0.128932,3.13588
19.4267,0.170617,3.11591
19.44,0.211998,3.0904
19.4533,0.253003,3.05939
19.4667,0.293558,3.02295
19.48,0.333591,2.98114
19.4933,0.373031,2.93402
19.5067,0.411809,2.88169
19.52,0.449854,2.82424
19.5333,0.487099,2.76176
19.5467,0.523479,2.69438
19.56,0.558928,2.62221
19.5733,0.593384,2.54538
19.5867,0.626785,2.46402
19.6,0.659072,2.37829
19.6133,0.690187,2.28832
19.6267,0.720075,2.19429
19.64,0.748684,2.09636
19.6533,0.775962,1.9947
19.6667,0.80186,1.8895
19.68,0.826333,1.78093
19.6933,0.849338,1.66921
19.7067,0.870832,1.55451
19.72,0.890779,1.43705
19.7333,0.909143,1.31704
19.7467,0.92589,1.19469
19.76,0.940991,1.07021
19.7733,0.95442,0.943831
19.7867,0.966153,0.815773
19.8,0.976168,0.686266
19.8133,0.984448,0.555539
19.8267,0.990978,0.423825
19.84,0.995746,0.291357
19.8533,0.998745,0.158371
19.8667,0.999968,0.0251036
19.88,0.999414,-0.108208
19.8933,0.997084,-0.241328
19.9067,0.992981,-0.374019
19.92,0.987113,-0.506044
19.9333,0.97949,-0.637171
19.9467,0.970127,-0.767164
19.96,0.959039,-0.895794
19.9733,0.946246,-1.02283
19.9867,0.931771,-1.14805
20,0.91564,-1.27123
